CCO5,1,2,CTCO05C
CCO1,1,2,CRSC03C
CCO2,1,2,CTCO01C
CCO7,1,2,SDES06C
Optativas12,1,2,XPAD04
CCO3,2,2,CMAC03C
CCO5,2,2,XMCO01C
CCO1,2,2,XDES01C
CCO2,2,2,CTCO01C
CCO6,3,2,CTCO06C
Optativas11,3,2,XRSC07
Optativas12,3,2,CDES13
CCO4,4,2,CTCO04C
CCO1,4,2,XDES01C
Optativas12,4,2,XDES11
CCO2,5,2,CRSC04C
Optativas11,5,2,XPAD08
CCO5,1,3,CTCO05C
CCO1,1,3,CRSC03C
CCO2,1,3,CTCO01C
CCO7,1,3,SDES06C
Optativas12,1,3,XPAD04
CCO3,2,3,CMAC03C
CCO5,2,3,XMCO01C
CCO1,2,3,XDES01C
CCO2,2,3,CTCO01C
CCO5,3,3,CIC111C
CCO6,3,3,CTCO06C
Optativas11,3,3,XRSC07
Optativas12,3,3,CDES13
CCO4,4,3,CTCO04C
CCO1,4,3,XDES01C
Optativas12,4,3,ECOX21
Optativas12,4,3,XDES11
CCO2,5,3,CRSC04C
Optativas11,5,3,XPAD08
CCO4,1,4,CMAC05C
Poscomp11,1,4,PCO209
Poscomp12,1,4,PCO112
CCO3,2,4,CTCO02C
CCO6,2,4,XAHC02C
Poscomp12,2,4,PCO112
CCO5,3,4,CMCO05C
CCO4,3,4,CTCO04C
CCO5,3,4,CIC111C
Poscomp12,3,4,PCO114
Optativas11,3,4,XPAD09
CCO3,4,4,XDES04C
CCO1,4,4,MAT00AC
CCO2,4,4,MAT00BC
Optativas11,4,4,XMCO03
Optativas12,4,4,XPAD04
Optativas12,4,4,ECOX21
CCO3,5,4,CRSC02C
CCO5,5,4,XPAD01C
Optativas11,5,4,XPAD08
CCO6,5,4,XAHC02C
Optativas12,5,4,XDES11
CCO4,1,5,CMAC05C
Poscomp11,1,5,PCO209
Poscomp12,1,5,PCO112
CCO3,2,5,CTCO02C
CCO6,2,5,XAHC02C
Poscomp12,2,5,PCO112
CCO5,3,5,CMCO05C
CCO4,3,5,CTCO04C
CCO5,3,5,CIC111C
Poscomp12,3,5,PCO114
Optativas11,3,5,XPAD09
CCO3,4,5,XDES04C
CCO1,4,5,MAT00AC
CCO2,4,5,MAT00BC
Optativas11,4,5,XMCO03
Optativas12,4,5,XPAD04
Optativas12,4,5,ECOX21
CCO3,5,5,CRSC02C
CCO5,5,5,XPAD01C
Optativas11,5,5,XPAD08
CCO6,5,5,XAHC02C
Optativas12,5,5,XDES11
CCO3,1,6,XMAC02C
CCO4,1,6,XDES03C
CCO3,2,6,CMAC03C
CCO1,2,6,CRSC03C
CCO4,2,6,CDES05C
CCO7,2,6,SDES06C
Optativas12,2,6,CMCO06
Optativas11,3,6,XMCO03
Optativas12,3,6,XMCO02
CCO5,4,6,CMCO05C
CCO4,4,6,CRSC05C
CCO2,4,6,CMAC04C
CCO1,4,6,MAT00AC
Optativas11,4,6,XRSC06
Optativas12,4,6,CDES13
CCO4,5,6,XRSC01C
CCO2,5,6,IEPG21C
Poscomp11,5,6,PCO209
Optativas12,5,6,XRSC09
CCO3,1,7,XMAC02C
CCO4,1,7,XDES03C
CCO3,2,7,CMAC03C
CCO1,2,7,CRSC03C
CCO4,2,7,CDES05C
CCO7,2,7,SDES06C
Optativas12,2,7,CMCO06
Optativas11,3,7,XMCO03
Optativas12,3,7,XMCO02
CCO5,4,7,CMCO05C
CCO4,4,7,CRSC05C
CCO2,4,7,CMAC04C
CCO1,4,7,MAT00AC
Optativas11,4,7,XRSC06
Optativas12,4,7,CDES13
CCO4,5,7,XRSC01C
CCO2,5,7,IEPG21C
Poscomp11,5,7,PCO209
Optativas12,5,7,XRSC09
CCO2,1,8,CMAC04C
CCO1,2,8,XMAC01C
CCO5,2,8,CTCO03C
CCO2,2,8,MAT00BC
Optativas11,2,8,XRSC06
Optativas12,2,8,XRSC09
CCO1,3,8,CAHC04C
CCO3,3,8,CTCO02C
CCO4,3,8,CRSC05C
Optativas11,3,8,XPAD09
CCO3,4,8,XMAC02C
CCO4,4,8,XDES03C
CCO1,4,8,XMAC01C
Optativas11,4,8,SADG02
Poscomp12,4,8,PCO114
CCO3,5,8,XDES04C
CCO5,5,8,XPAD01C
CCO2,5,8,IEPG21C
CCO7,5,8,XAHC03C
Optativas11,5,8,CRSC08
Optativas12,5,8,XMCO02
CCO3,1,9,XDES02C
CCO4,1,9,XRSC01C
CCO2,1,9,CMAC04C
Optativas11,1,9,SADG02
CCO3,2,9,CRSC02C
CCO5,2,9,CTCO05C
CCO1,2,9,XMAC01C
CCO5,2,9,CTCO03C
CCO4,2,9,CDES05C
CCO2,2,9,MAT00BC
Optativas11,2,9,XRSC06
Optativas12,2,9,XRSC09
CCO1,3,9,CAHC04C
CCO3,3,9,XDES02C
CCO3,3,9,CTCO02C
CCO4,3,9,CRSC05C
CCO5,3,9,CTCO03C
CCO2,3,9,CRSC04C
Optativas11,3,9,XRSC07
Optativas11,3,9,XPAD09
CCO3,4,9,XMAC02C
CCO5,4,9,XMCO01C
CCO4,4,9,XDES03C
CCO1,4,9,XMAC01C
Optativas11,4,9,CRSC08
Optativas11,4,9,SADG02
Optativas12,4,9,CMCO06
Poscomp12,4,9,PCO114
CCO3,5,9,XDES04C
CCO5,5,9,XPAD01C
CCO4,5,9,CMAC05C
CCO7,5,9,XAHC03C
CCO7,5,9,XAHC03C
Optativas11,5,9,CRSC08
CCO6,5,9,CTCO06C
Optativas12,5,9,XMCO02
CCO3,1,10,XDES02C
CCO4,1,10,XRSC01C
Optativas11,1,10,SADG02
CCO3,2,10,CRSC02C
CCO5,2,10,CTCO05C
CCO4,2,10,CDES05C
CCO3,3,10,XDES02C
CCO5,3,10,CTCO03C
CCO2,3,10,CRSC04C
Optativas11,3,10,XRSC07
CCO5,4,10,XMCO01C
Optativas11,4,10,CRSC08
Optativas12,4,10,CMCO06
CCO4,5,10,CMAC05C
CCO7,5,10,XAHC03C
CCO6,5,10,CTCO06C
